algo,run_id,seed,train_time_sec,test_time_sec,accuracy,precision,recall,f1,roc_auc,tn,fp,fn,tp
GA,1,43,12.216888899999999,9.079999999883626e-05,0.8812785388127854,0.9021739130434783,0.83,0.8645833333333334,0.9088235294117647,110,9,17,83
GA,2,44,12.118651,0.00010870000000551272,0.8995433789954338,0.8979591836734694,0.88,0.8888888888888888,0.926470588235294,109,10,12,88
GA,3,45,12.507857600000001,0.00011080000000163182,0.8858447488584474,0.8787878787878788,0.87,0.8743718592964824,0.9225210084033614,107,12,13,87
GA,4,46,12.562606599999995,5.760000000520904e-05,0.8858447488584474,0.9213483146067416,0.82,0.8677248677248677,0.8973949579831932,112,7,18,82
GA,5,47,12.642880499999997,7.239999999342217e-05,0.8858447488584474,0.9120879120879121,0.83,0.8691099476439791,0.9018487394957984,111,8,17,83
GA,6,48,12.163560500000003,8.330000000000837e-05,0.8949771689497716,0.9139784946236559,0.85,0.8808290155440415,0.9240336134453782,111,8,15,85
GA,7,49,11.997591499999999,9.349999999130887e-05,0.8949771689497716,0.9325842696629213,0.83,0.8783068783068783,0.8965546218487394,113,6,17,83
GA,8,50,11.868804499999996,0.00017809999999940374,0.8858447488584474,0.8787878787878788,0.87,0.8743718592964824,0.9218487394957982,107,12,13,87
GA,9,51,11.861186200000006,9.509999999579577e-05,0.8858447488584474,0.8865979381443299,0.86,0.8730964467005076,0.8967226890756302,108,11,14,86
GA,10,52,12.387782200000004,0.00019480000000271502,0.8812785388127854,0.8936170212765957,0.84,0.865979381443299,0.9144537815126049,109,10,16,84
GA,11,53,11.917310200000003,0.00013329999998745734,0.8812785388127854,0.8775510204081632,0.86,0.8686868686868687,0.9156302521008404,107,12,14,86
GA,12,54,12.0712786,6.249999998431122e-05,0.8767123287671232,0.8762886597938144,0.85,0.8629441624365483,0.9170588235294117,107,12,15,85
GA,13,55,11.895845600000001,0.00011639999999601969,0.8995433789954338,0.8979591836734694,0.88,0.8888888888888888,0.9484873949579832,109,10,12,88
GA,14,56,12.209350599999993,0.00011860000000751825,0.8812785388127854,0.87,0.87,0.87,0.9161344537815126,106,13,13,87
GA,15,57,11.973030500000021,9.299999999257125e-05,0.8904109589041096,0.9130434782608695,0.84,0.875,0.9057142857142857,111,8,16,84
GA,16,58,11.809571299999988,9.310000001505614e-05,0.8904109589041096,0.8877551020408163,0.87,0.8787878787878788,0.9078991596638654,108,11,13,87
GA,17,59,12.8811484,5.790000000160944e-05,0.8858447488584474,0.8865979381443299,0.86,0.8730964467005076,0.9319327731092436,108,11,14,86
GA,18,60,12.415081600000008,0.0002772999999933745,0.8858447488584474,0.8865979381443299,0.86,0.8730964467005076,0.9252100840336135,108,11,14,86
GA,19,61,12.175195699999989,0.00014229999999315623,0.8995433789954338,0.8979591836734694,0.88,0.8888888888888888,0.912016806722689,109,10,12,88
GA,20,62,12.6313021,0.00011560000001509252,0.8858447488584474,0.8865979381443299,0.86,0.8730964467005076,0.9094117647058824,108,11,14,86
RUN,1,43,20.73560420000001,8.539999998902204e-05,0.8995433789954338,0.8979591836734694,0.88,0.8888888888888888,0.8957142857142857,109,10,12,88
RUN,2,44,20.249951699999997,0.00011920000002874076,0.9041095890410958,0.9157894736842105,0.87,0.8923076923076924,0.9173109243697479,111,8,13,87
RUN,3,45,20.21459269999997,0.00019329999997808045,0.91324200913242,0.9090909090909091,0.9,0.9045226130653267,0.8988235294117647,110,9,10,90
RUN,4,46,20.103809299999966,5.7999999967250915e-05,0.8721461187214612,0.9,0.81,0.8526315789473684,0.8714285714285714,110,9,19,81
RUN,5,47,19.383090200000026,0.0001746000000366621,0.8949771689497716,0.8888888888888888,0.88,0.8844221105527639,0.8919327731092437,108,11,12,88
RUN,6,48,19.847960100000023,8.270000000720756e-05,0.8995433789954338,0.9431818181818182,0.83,0.8829787234042553,0.9001680672268908,114,5,17,83
RUN,7,49,19.598099900000022,0.00017529999996668266,0.9041095890410958,0.9247311827956989,0.86,0.8911917098445595,0.9023529411764706,112,7,14,86
RUN,8,50,19.289558399999976,9.219999998322237e-05,0.9041095890410958,0.9072164948453608,0.88,0.8934010152284264,0.8752941176470589,110,9,12,88
RUN,9,51,21.935415200000023,0.00017799999994849713,0.908675799086758,0.9166666666666666,0.88,0.8979591836734694,0.9005882352941177,111,8,12,88
RUN,10,52,22.03592180000004,0.0001937000000111766,0.9178082191780822,0.9183673469387755,0.9,0.9090909090909091,0.8969747899159664,111,8,10,90
RUN,11,53,21.170607399999994,0.00019900000000916407,0.9178082191780822,0.9183673469387755,0.9,0.9090909090909091,0.9121848739495798,111,8,10,90
RUN,12,54,18.940043899999978,8.289999999533393e-05,0.8995433789954338,0.9239130434782609,0.85,0.8854166666666666,0.9085714285714285,112,7,15,85
RUN,13,55,20.268183799999974,0.0001356000000214408,0.8995433789954338,0.9148936170212766,0.86,0.8865979381443299,0.8830252100840336,111,8,14,86
RUN,14,56,20.20521409999992,0.0001349000000345768,0.9223744292237442,0.9278350515463918,0.9,0.9137055837563451,0.8984033613445379,112,7,10,90
RUN,15,57,19.986086,6.100000007336348e-05,0.9178082191780822,0.91,0.91,0.91,0.8987394957983194,110,9,9,91
RUN,16,58,19.710820099999978,5.55999999960477e-05,0.9178082191780822,0.9270833333333334,0.89,0.9081632653061225,0.9088235294117648,112,7,11,89
RUN,17,59,20.767317899999966,9.37999999450767e-05,0.9178082191780822,0.9361702127659575,0.88,0.9072164948453608,0.9403361344537815,113,6,12,88
RUN,18,60,20.00833519999992,0.00015880000000834116,0.8949771689497716,0.9230769230769231,0.84,0.8795811518324608,0.885798319327731,112,7,16,84
RUN,19,61,20.299668200000042,0.00011680000000069413,0.9041095890410958,0.9072164948453608,0.88,0.8934010152284264,0.9116806722689075,110,9,12,88
RUN,20,62,20.311924800000043,9.209999996073748e-05,0.9223744292237442,0.9029126213592233,0.93,0.916256157635468,0.9289075630252102,109,10,7,93
MEO,1,43,17.55315380000002,0.0002684999999473803,0.8812785388127854,0.9021739130434783,0.83,0.8645833333333334,0.8916806722689076,110,9,17,83
MEO,2,44,17.91067720000001,0.0002580999999963751,0.8904109589041096,0.8958333333333334,0.86,0.8775510204081632,0.8919327731092437,109,10,14,86
MEO,3,45,17.895523399999888,6.870000004255417e-05,0.9041095890410958,0.9072164948453608,0.88,0.8934010152284264,0.9234453781512605,110,9,12,88
MEO,4,46,17.182145799999944,0.00011190000009264622,0.8904109589041096,0.8877551020408163,0.87,0.8787878787878788,0.9026050420168067,108,11,13,87
MEO,5,47,18.331713000000036,0.00018999999997504347,0.863013698630137,0.9069767441860465,0.78,0.8387096774193549,0.8539495798319328,111,8,22,78
MEO,6,48,17.733814900000084,0.00011349999999765714,0.8858447488584474,0.8640776699029126,0.89,0.8768472906403941,0.900672268907563,105,14,11,89
MEO,7,49,18.451470099999938,0.0001029000000016822,0.8904109589041096,0.9042553191489362,0.85,0.8762886597938144,0.8850420168067227,110,9,15,85
MEO,8,50,17.992919200000074,0.00012419999995927355,0.8812785388127854,0.9021739130434783,0.83,0.8645833333333334,0.8894957983193278,110,9,17,83
MEO,9,51,17.00799559999996,0.00018450000004577305,0.8904109589041096,0.9318181818181818,0.82,0.8723404255319149,0.8803361344537816,113,6,18,82
MEO,10,52,16.958571399999983,9.190000002945453e-05,0.867579908675799,0.865979381443299,0.84,0.8527918781725888,0.8536134453781513,106,13,16,84
MEO,11,53,17.886735199999976,5.160000000614673e-05,0.8812785388127854,0.9021739130434783,0.83,0.8645833333333334,0.8730252100840336,110,9,17,83
MEO,12,54,18.45721709999998,0.0001331000000845961,0.863013698630137,0.8571428571428571,0.84,0.8484848484848485,0.8802521008403361,105,14,16,84
MEO,13,55,17.447454700000094,6.0700000062752224e-05,0.8721461187214612,0.86,0.86,0.86,0.8900840336134453,105,14,14,86
MEO,14,56,17.171127400000046,0.00013160000003153982,0.8767123287671232,0.9010989010989011,0.82,0.8586387434554974,0.8729411764705882,110,9,18,82
MEO,15,57,17.61559539999996,0.00015650000000277942,0.8721461187214612,0.8673469387755102,0.85,0.8585858585858586,0.8947058823529411,106,13,15,85
MEO,16,58,17.422913300000005,8.860000002641755e-05,0.8949771689497716,0.9052631578947369,0.86,0.882051282051282,0.9117647058823529,110,9,14,86
MEO,17,59,17.253974500000027,0.00023859999998876447,0.8812785388127854,0.9111111111111111,0.82,0.8631578947368421,0.8864705882352941,111,8,18,82
MEO,18,60,16.942259899999954,9.009999996578699e-05,0.908675799086758,0.9166666666666666,0.88,0.8979591836734694,0.9153781512605041,111,8,12,88
MEO,19,61,16.87951290000001,0.0001783000000159518,0.908675799086758,0.8846153846153846,0.92,0.9019607843137255,0.9090756302521008,107,12,8,92
MEO,20,62,16.727369100000033,6.680000001324515e-05,0.8721461187214612,0.8913043478260869,0.82,0.8541666666666666,0.8678151260504202,109,10,18,82
CLPSO,1,43,58.164011800000026,0.00012449999985619797,0.8538812785388128,0.8617021276595744,0.81,0.8350515463917526,0.8903361344537815,106,13,19,81
CLPSO,2,44,58.16100159999996,7.770000001983135e-05,0.8584474885844748,0.8876404494382022,0.79,0.8359788359788359,0.8653781512605042,109,10,21,79
CLPSO,3,45,54.10228529999995,0.00010010000005422626,0.8584474885844748,0.8631578947368421,0.82,0.841025641025641,0.8990756302521008,106,13,18,82
CLPSO,4,46,57.35939640000015,4.8699999979362474e-05,0.8493150684931506,0.8526315789473684,0.81,0.8307692307692308,0.8799159663865547,105,14,19,81
CLPSO,5,47,56.69991249999998,0.000120499999866297,0.8584474885844748,0.8709677419354839,0.81,0.8393782383419689,0.9038655462184874,107,12,19,81
CLPSO,6,48,57.70410889999994,0.00011549999999260763,0.8401826484018264,0.8494623655913979,0.79,0.8186528497409327,0.8459663865546218,105,14,21,79
CLPSO,7,49,58.25526669999999,0.00011300000005576294,0.8767123287671232,0.9010989010989011,0.82,0.8586387434554974,0.8881512605042017,110,9,18,82
CLPSO,8,50,58.265770199999906,0.00019560000009732903,0.863013698630137,0.9069767441860465,0.78,0.8387096774193549,0.8526890756302521,111,8,22,78
CLPSO,9,51,56.364328200000045,0.00029999999992469384,0.8584474885844748,0.8631578947368421,0.82,0.841025641025641,0.8661344537815127,106,13,18,82
CLPSO,10,52,55.57765949999998,0.00018430000000080327,0.8493150684931506,0.8764044943820225,0.78,0.8253968253968254,0.8692436974789916,108,11,22,78
CLPSO,11,53,57.71871080000005,0.0001522000000022672,0.8538812785388128,0.8617021276595744,0.81,0.8350515463917526,0.8832773109243697,106,13,19,81
CLPSO,12,54,52.81435299999998,5.5900000006658956e-05,0.8538812785388128,0.8617021276595744,0.81,0.8350515463917526,0.8842016806722689,106,13,19,81
CLPSO,13,55,57.010569599999826,0.0002191999999467953,0.8493150684931506,0.8602150537634409,0.8,0.8290155440414507,0.8594957983193277,106,13,20,80
CLPSO,14,56,56.013218699999925,0.00012570000012601668,0.8538812785388128,0.8469387755102041,0.83,0.8383838383838383,0.8934453781512606,104,15,17,83
CLPSO,15,57,55.991138299999875,0.00013289999992593948,0.8538812785388128,0.8695652173913043,0.8,0.8333333333333334,0.864453781512605,107,12,20,80
CLPSO,16,58,58.13655460000018,8.090000005722686e-05,0.8584474885844748,0.896551724137931,0.78,0.8342245989304813,0.86890756302521,110,9,22,78
CLPSO,17,59,56.09624409999992,0.00013760000001639128,0.8447488584474886,0.851063829787234,0.8,0.8247422680412371,0.8780672268907563,105,14,20,80
CLPSO,18,60,58.193825699999934,8.280000020022271e-05,0.8447488584474886,0.8113207547169812,0.86,0.8349514563106796,0.9029411764705882,99,20,14,86
CLPSO,19,61,56.341744199999994,0.00026840000009542564,0.8584474885844748,0.8556701030927835,0.83,0.8426395939086294,0.8841176470588235,105,14,17,83
CLPSO,20,62,55.31067350000012,0.0001216000000567874,0.8538812785388128,0.8953488372093024,0.77,0.8279569892473119,0.87109243697479,110,9,23,77
HIWOA,1,43,10.909326500000134,5.520000013348181e-05,0.863013698630137,0.8645833333333334,0.83,0.8469387755102041,0.7969747899159664,106,13,17,83
HIWOA,2,44,14.012094300000172,0.00015809999968041666,0.8538812785388128,0.8777777777777778,0.79,0.8315789473684211,0.8803361344537814,108,11,21,79
HIWOA,3,45,13.408530900000187,7.49000000723754e-05,0.8584474885844748,0.8876404494382022,0.79,0.8359788359788359,0.8544537815126051,109,10,21,79
HIWOA,4,46,12.390999700000066,0.00013760000001639128,0.8493150684931506,0.845360824742268,0.82,0.8324873096446701,0.8621008403361344,104,15,18,82
HIWOA,5,47,12.853733199999624,0.0001395999997839681,0.8447488584474886,0.8928571428571429,0.75,0.8152173913043478,0.8501680672268906,110,9,25,75
HIWOA,6,48,12.442741899999874,8.729999990464421e-05,0.867579908675799,0.8514851485148515,0.86,0.8557213930348259,0.9047058823529412,104,15,14,86
HIWOA,7,49,13.33169259999977,0.00023219999957291293,0.8493150684931506,0.8526315789473684,0.81,0.8307692307692308,0.8785714285714286,105,14,19,81
HIWOA,8,50,11.709340300000349,6.739999980709399e-05,0.8447488584474886,0.8586956521739131,0.79,0.8229166666666666,0.8769747899159663,106,13,21,79
HIWOA,9,51,13.418903799999953,0.00011590000030992087,0.8447488584474886,0.8173076923076923,0.85,0.8333333333333334,0.8732773109243697,100,19,15,85
HIWOA,10,52,13.127765799999906,0.00010750000001280569,0.8401826484018264,0.8350515463917526,0.81,0.8223350253807107,0.8491596638655463,103,16,19,81
HIWOA,11,53,12.57676629999969,0.00010130000009667128,0.863013698630137,0.8645833333333334,0.83,0.8469387755102041,0.8793277310924369,106,13,17,83
HIWOA,12,54,13.499701400000049,0.0004490999999688938,0.8493150684931506,0.8764044943820225,0.78,0.8253968253968254,0.8935294117647059,108,11,22,78
HIWOA,13,55,12.966069800000241,0.00013110000008964562,0.8447488584474886,0.875,0.77,0.8191489361702128,0.8847899159663865,108,11,23,77
HIWOA,14,56,14.406524300000001,0.00012559999959194101,0.8721461187214612,0.9090909090909091,0.8,0.851063829787234,0.8891596638655461,111,8,20,80
HIWOA,15,57,13.286812899999859,0.00013429999989966745,0.8812785388127854,0.9021739130434783,0.83,0.8645833333333334,0.8836974789915966,110,9,17,83
HIWOA,16,58,11.84965319999992,0.00014120000014372636,0.8721461187214612,0.8913043478260869,0.82,0.8541666666666666,0.8552100840336134,109,10,18,82
HIWOA,17,59,12.852436000000125,9.76999999693362e-05,0.8767123287671232,0.8924731182795699,0.83,0.8601036269430051,0.8999159663865546,109,10,17,83
HIWOA,18,60,13.29280689999996,7.379999988188501e-05,0.8584474885844748,0.8791208791208791,0.8,0.837696335078534,0.8608403361344538,108,11,20,80
HIWOA,19,61,13.347719100000177,0.00013209999997343402,0.867579908675799,0.8514851485148515,0.86,0.8557213930348259,0.8242857142857143,104,15,14,86
HIWOA,20,62,12.860826800000268,0.00013989999979457934,0.8447488584474886,0.851063829787234,0.8,0.8247422680412371,0.8576470588235294,105,14,20,80
GWO,1,43,11.219805499999893,0.00011909999966519536,0.91324200913242,0.900990099009901,0.91,0.9054726368159204,0.912689075630252,109,10,9,91
GWO,2,44,11.530478099999982,0.0001073999997061037,0.9452054794520548,0.9680851063829787,0.91,0.9381443298969072,0.9305042016806724,116,3,9,91
GWO,3,45,11.621635300000435,6.639999992330559e-05,0.9360730593607306,0.9387755102040817,0.92,0.9292929292929293,0.9318487394957983,113,6,8,92
GWO,4,46,11.631739999999809,9.580000005371403e-05,0.9452054794520548,0.9583333333333334,0.92,0.9387755102040817,0.9290756302521008,115,4,8,92
GWO,5,47,11.37586199999987,4.170000011072261e-05,0.9452054794520548,0.9583333333333334,0.92,0.9387755102040817,0.9352100840336135,115,4,8,92
GWO,6,48,11.584264399999938,6.500000017695129e-05,0.9452054794520548,0.9583333333333334,0.92,0.9387755102040817,0.925126050420168,115,4,8,92
GWO,7,49,11.431500000000142,0.0004902000000583939,0.9452054794520548,0.9583333333333334,0.92,0.9387755102040817,0.9373109243697478,115,4,8,92
GWO,8,50,11.24715839999999,0.00011150000000270666,0.9406392694063926,0.9484536082474226,0.92,0.934010152284264,0.9318487394957983,114,5,8,92
GWO,9,51,11.010083199999826,0.00011940000013055396,0.9497716894977168,0.9494949494949495,0.94,0.9447236180904522,0.9486554621848738,114,5,6,94
GWO,10,52,11.995770900000025,0.00018430000000080327,0.9497716894977168,0.968421052631579,0.92,0.9435897435897436,0.9481512605042016,116,3,8,92
GWO,11,53,11.224000100000012,7.000000005064066e-05,0.9497716894977168,0.9494949494949495,0.94,0.9447236180904522,0.9508403361344537,114,5,6,94
GWO,12,54,10.805349099999603,8.440000010523363e-05,0.958904109589041,0.9595959595959596,0.95,0.9547738693467337,0.9570588235294117,115,4,5,95
GWO,13,55,11.6788746000002,0.00013850000004822505,0.9634703196347032,0.9509803921568627,0.97,0.9603960396039604,0.9549579831932773,114,5,3,97
GWO,14,56,11.861315099999956,6.830000029367511e-05,0.8538812785388128,0.8617021276595744,0.81,0.8350515463917526,0.8836134453781512,106,13,19,81
GWO,15,57,11.259641299999657,9.070000032807002e-05,0.9406392694063926,0.9578947368421052,0.91,0.9333333333333333,0.9152100840336135,115,4,9,91
GWO,16,58,11.276583899999878,0.00010780000002341694,0.9452054794520548,0.94,0.94,0.94,0.9412605042016807,113,6,6,94
GWO,17,59,11.240608300000076,6.429999984902679e-05,0.9497716894977168,0.968421052631579,0.92,0.9435897435897436,0.928235294117647,116,3,8,92
GWO,18,60,11.118620899999769,0.0001378000001750479,0.954337899543379,0.95,0.95,0.95,0.9619327731092437,114,5,5,95
GWO,19,61,11.5964041000002,9.290000025430345e-05,0.9452054794520548,0.9489795918367347,0.93,0.9393939393939394,0.9547058823529412,114,5,7,93
GWO,20,62,11.41994109999996,6.519999988086056e-05,0.9452054794520548,0.9313725490196079,0.95,0.9405940594059405,0.9553781512605042,112,7,5,95
HGS,1,43,10.474224099999901,6.810000013501849e-05,0.8493150684931506,0.8316831683168316,0.84,0.835820895522388,0.7819327731092437,102,17,16,84
HGS,2,44,10.506754099999853,0.0001229000004059344,0.8401826484018264,0.8282828282828283,0.82,0.8241206030150754,0.8787394957983192,102,17,18,82
HGS,3,45,10.745246399999814,0.00020959999983460875,0.821917808219178,0.8279569892473119,0.77,0.7979274611398963,0.8411764705882353,103,16,23,77
HGS,4,46,10.230065600000216,0.00013839999974152306,0.8447488584474886,0.851063829787234,0.8,0.8247422680412371,0.8640336134453781,105,14,20,80
HGS,5,47,9.935445900000104,0.00013480000006893533,0.8401826484018264,0.8651685393258427,0.77,0.8148148148148148,0.857983193277311,107,12,23,77
HGS,6,48,10.925890099999833,7.169999980760622e-05,0.8767123287671232,0.8762886597938144,0.85,0.8629441624365483,0.9105882352941177,107,12,15,85
HGS,7,49,10.60217190000003,0.00013720000015382539,0.8447488584474886,0.83,0.83,0.83,0.8677310924369749,102,17,17,83
HGS,8,50,10.990155699999832,9.80999998319021e-05,0.8493150684931506,0.8526315789473684,0.81,0.8307692307692308,0.8364705882352941,105,14,19,81
HGS,9,51,10.962540399999853,8.439999965048628e-05,0.8447488584474886,0.8173076923076923,0.85,0.8333333333333334,0.887563025210084,100,19,15,85
HGS,10,52,10.58950189999996,5.9500000133994035e-05,0.8356164383561644,0.8333333333333334,0.8,0.8163265306122449,0.8494957983193278,103,16,20,80
HGS,11,53,11.062113500000123,9.359999967273325e-05,0.8310502283105022,0.8461538461538461,0.77,0.806282722513089,0.8310084033613446,105,14,23,77
HGS,12,54,10.471631699999762,0.0001397999999426247,0.8538812785388128,0.8617021276595744,0.81,0.8350515463917526,0.8840336134453782,106,13,19,81
HGS,13,55,10.256610899999941,0.00016349999987141928,0.8447488584474886,0.84375,0.81,0.826530612244898,0.8773109243697479,104,15,19,81
HGS,14,56,10.804778299999725,9.709999994811369e-05,0.8538812785388128,0.8777777777777778,0.79,0.8315789473684211,0.8512605042016806,108,11,21,79
HGS,15,57,12.701638499999717,0.00018869999985327013,0.8310502283105022,0.8461538461538461,0.77,0.806282722513089,0.8438655462184874,105,14,23,77
HGS,16,58,9.927032000000054,0.00013949999993201345,0.821917808219178,0.8279569892473119,0.77,0.7979274611398963,0.8422689075630252,103,16,23,77
HGS,17,59,10.802820500000053,9.760000011738157e-05,0.8310502283105022,0.8387096774193549,0.78,0.8082901554404145,0.8617647058823529,104,15,22,78
HGS,18,60,10.58895480000001,0.0003977000001214037,0.8356164383561644,0.8478260869565217,0.78,0.8125,0.8668907563025209,105,14,22,78
HGS,19,61,10.137050400000135,0.00014379999993252568,0.8401826484018264,0.8494623655913979,0.79,0.8186528497409327,0.8005882352941178,105,14,21,79
HGS,20,62,10.340323299999909,0.00013140000010025688,0.8356164383561644,0.8404255319148937,0.79,0.8144329896907216,0.8509243697478992,104,15,21,79
HHO,1,43,18.509882699999707,0.00010120000024471665,0.8538812785388128,0.8617021276595744,0.81,0.8350515463917526,0.8017647058823528,106,13,19,81
HHO,2,44,18.742368799999895,0.0002747999997154693,0.8538812785388128,0.8777777777777778,0.79,0.8315789473684211,0.8512605042016806,108,11,21,79
HHO,3,45,19.10731190000024,5.229999987932388e-05,0.8447488584474886,0.8586956521739131,0.79,0.8229166666666666,0.8704201680672269,106,13,21,79
HHO,4,46,18.05320920000031,0.00010300000030838419,0.863013698630137,0.8645833333333334,0.83,0.8469387755102041,0.878655462184874,106,13,17,83
HHO,5,47,18.007481200000257,0.00014840000039839651,0.8401826484018264,0.8823529411764706,0.75,0.8108108108108109,0.8453781512605042,109,10,25,75
HHO,6,48,17.334038299999975,5.909999981668079e-05,0.863013698630137,0.8431372549019608,0.86,0.8514851485148515,0.8971428571428571,103,16,14,86
HHO,7,49,18.20321530000001,0.00014860000010230578,0.8538812785388128,0.8695652173913043,0.8,0.8333333333333334,0.857563025210084,107,12,20,80
HHO,8,50,18.79404420000037,7.060000007186318e-05,0.8401826484018264,0.8421052631578947,0.8,0.8205128205128205,0.8218487394957984,104,15,20,80
HHO,9,51,18.890962299999956,6.960000018807477e-05,0.8401826484018264,0.8095238095238095,0.85,0.8292682926829268,0.8752941176470588,99,20,15,85
HHO,10,52,18.300796399999854,7.469999991371878e-05,0.8447488584474886,0.8367346938775511,0.82,0.8282828282828283,0.8303361344537816,103,16,18,82
HHO,11,53,18.410861899999873,0.0004021999998258252,0.8356164383561644,0.8333333333333334,0.8,0.8163265306122449,0.8427731092436974,103,16,20,80
HHO,12,54,18.624134499999855,0.00020610000001397566,0.8584474885844748,0.8556701030927835,0.83,0.8426395939086294,0.8878991596638656,105,14,17,83
HHO,13,55,18.453369600000315,7.83999998930085e-05,0.8356164383561644,0.8478260869565217,0.78,0.8125,0.8576470588235293,105,14,22,78
HHO,14,56,20.031232000000273,4.430000035426929e-05,0.863013698630137,0.8804347826086957,0.81,0.84375,0.8617647058823529,108,11,19,81
HHO,15,57,18.68873029999986,9.90999997156905e-05,0.8493150684931506,0.8602150537634409,0.8,0.8290155440414507,0.8489075630252101,106,13,20,80
HHO,16,58,19.273416300000008,6.170000006022747e-05,0.8493150684931506,0.8681318681318682,0.79,0.8272251308900523,0.8425210084033613,107,12,21,79
HHO,17,59,19.752551599999606,8.019999995667604e-05,0.8447488584474886,0.851063829787234,0.8,0.8247422680412371,0.8558823529411763,105,14,20,80
HHO,18,60,19.644423199999892,7.730000015726546e-05,0.8493150684931506,0.8602150537634409,0.8,0.8290155440414507,0.8819327731092438,106,13,20,80
HHO,19,61,18.49569990000009,5.490000012287055e-05,0.8264840182648402,0.8229166666666666,0.79,0.8061224489795918,0.7903361344537815,102,17,21,79
HHO,20,62,17.403429799999685,7.150000010369695e-05,0.8447488584474886,0.8586956521739131,0.79,0.8229166666666666,0.8544537815126051,106,13,21,79
SeaHO,1,43,17.521281199999976,0.00010059999976874678,0.8904109589041096,0.9130434782608695,0.84,0.875,0.8904201680672269,111,8,16,84
SeaHO,2,44,17.770997599999646,7.430000005115289e-05,0.8721461187214612,0.8829787234042553,0.83,0.8556701030927835,0.877983193277311,108,11,17,83
SeaHO,3,45,17.44968289999997,4.470000021683518e-05,0.8949771689497716,0.9230769230769231,0.84,0.8795811518324608,0.8829411764705882,112,7,16,84
SeaHO,4,46,16.92231410000022,0.00020949999998265412,0.91324200913242,0.9175257731958762,0.89,0.9035532994923858,0.9329411764705882,111,8,11,89
SeaHO,5,47,16.05834640000012,0.00019620000011855154,0.8995433789954338,0.8823529411764706,0.9,0.8910891089108911,0.9033613445378151,107,12,10,90
SeaHO,6,48,17.705142799999976,0.0001081000000340282,0.8858447488584474,0.8865979381443299,0.86,0.8730964467005076,0.8836134453781513,108,11,14,86
SeaHO,7,49,17.73906199999965,0.0001857000002019049,0.867579908675799,0.9080459770114943,0.79,0.8449197860962567,0.84,111,8,21,79
SeaHO,8,50,17.096837999999934,9.580000005371403e-05,0.8904109589041096,0.9318181818181818,0.82,0.8723404255319149,0.866890756302521,113,6,18,82
SeaHO,9,51,17.68963840000015,9.269999964089948e-05,0.9223744292237442,0.9191919191919192,0.91,0.914572864321608,0.9158823529411765,111,8,9,91
SeaHO,10,52,17.15234959999998,6.889999986015027e-05,0.863013698630137,0.8804347826086957,0.81,0.84375,0.876638655462185,108,11,19,81
SeaHO,11,53,16.22300079999968,0.000388699999803066,0.8812785388127854,0.8854166666666666,0.85,0.8673469387755102,0.8935294117647059,108,11,15,85
SeaHO,12,54,17.80986559999974,7.989999994606478e-05,0.9223744292237442,0.9191919191919192,0.91,0.914572864321608,0.9196638655462185,111,8,9,91
SeaHO,13,55,17.5103823999998,0.00015170000006037299,0.9041095890410958,0.9340659340659341,0.85,0.8900523560209425,0.8942016806722689,113,6,15,85
SeaHO,14,56,18.675156199999947,0.00011399999993955134,0.9223744292237442,0.9191919191919192,0.91,0.914572864321608,0.9333613445378152,111,8,9,91
SeaHO,15,57,17.573345700000118,0.00022440000020651496,0.8904109589041096,0.8958333333333334,0.86,0.8775510204081632,0.8963865546218488,109,10,14,86
SeaHO,16,58,17.93887229999973,0.00020820000008825446,0.8721461187214612,0.9,0.81,0.8526315789473684,0.8684033613445379,110,9,19,81
SeaHO,17,59,17.114268000000266,0.00019250000013926183,0.8949771689497716,0.8969072164948454,0.87,0.883248730964467,0.903781512605042,109,10,13,87
SeaHO,18,60,17.67798810000022,6.050000001778244e-05,0.9223744292237442,0.9560439560439561,0.87,0.9109947643979057,0.918235294117647,115,4,13,87
SeaHO,19,61,17.418557299999975,0.00013230000013209064,0.8949771689497716,0.8811881188118812,0.89,0.8855721393034826,0.9076470588235295,107,12,11,89
SeaHO,20,62,17.742699800000082,0.0001434000000699598,0.867579908675799,0.8736842105263158,0.83,0.8512820512820513,0.870672268907563,107,12,17,83
MGO,1,43,39.782466900000145,5.980000014460529e-05,0.867579908675799,0.8736842105263158,0.83,0.8512820512820513,0.8714285714285713,107,12,17,83
MGO,2,44,37.793993200000386,5.070000042906031e-05,0.8949771689497716,0.9139784946236559,0.85,0.8808290155440415,0.9150420168067227,111,8,15,85
MGO,3,45,38.97263800000019,9.480000016992562e-05,0.8858447488584474,0.8947368421052632,0.85,0.8717948717948718,0.8923529411764706,109,10,15,85
MGO,4,46,40.99092289999999,0.00013540000009015785,0.8995433789954338,0.9148936170212766,0.86,0.8865979381443299,0.8952100840336134,111,8,14,86
MGO,5,47,39.781427899999926,0.00014180000016494887,0.8904109589041096,0.9042553191489362,0.85,0.8762886597938144,0.8728571428571429,110,9,15,85
MGO,6,48,40.96111239999982,0.00014330000021800515,0.8858447488584474,0.9213483146067416,0.82,0.8677248677248677,0.8949579831932774,112,7,18,82
MGO,7,49,40.44291310000017,0.0001609999999345746,0.867579908675799,0.9176470588235294,0.78,0.8432432432432433,0.8715126050420169,112,7,22,78
MGO,8,50,39.30437359999996,0.00010340000017095008,0.8858447488584474,0.8865979381443299,0.86,0.8730964467005076,0.8926050420168068,108,11,14,86
MGO,9,51,40.8040960000003,7.259999983943999e-05,0.8584474885844748,0.8631578947368421,0.82,0.841025641025641,0.8720168067226891,106,13,18,82
MGO,10,52,43.11186409999982,6.690000009257346e-05,0.8995433789954338,0.89,0.89,0.89,0.9311764705882353,108,11,11,89
MGO,11,53,39.26601239999991,7.400000004054164e-05,0.8904109589041096,0.9130434782608695,0.84,0.875,0.9122689075630251,111,8,16,84
MGO,12,54,40.82654139999977,6.500000017695129e-05,0.867579908675799,0.8736842105263158,0.83,0.8512820512820513,0.8991596638655461,107,12,17,83
MGO,13,55,40.20414600000004,0.00011220000033063116,0.8767123287671232,0.8543689320388349,0.88,0.8669950738916257,0.8847058823529411,104,15,12,88
MGO,14,56,38.384484999999586,7.819999973435188e-05,0.867579908675799,0.8901098901098901,0.81,0.8481675392670157,0.8678991596638655,109,10,19,81
MGO,15,57,40.38364100000035,0.0002978000002258341,0.8858447488584474,0.8947368421052632,0.85,0.8717948717948718,0.8890756302521009,109,10,15,85
MGO,16,58,39.06973879999987,6.610000036744168e-05,0.8538812785388128,0.8617021276595744,0.81,0.8350515463917526,0.8729411764705882,106,13,19,81
MGO,17,59,40.92515009999988,0.0001650000003792229,0.8995433789954338,0.8979591836734694,0.88,0.8888888888888888,0.9112605042016806,109,10,12,88
MGO,18,60,39.84785389999979,0.00023209999926621094,0.863013698630137,0.8571428571428571,0.84,0.8484848484848485,0.9091596638655461,105,14,16,84
MGO,19,61,41.64592300000004,0.0001036000003296067,0.8721461187214612,0.8829787234042553,0.83,0.8556701030927835,0.8344537815126051,108,11,17,83
MGO,20,62,40.270107199999984,0.00019039999915548833,0.8995433789954338,0.9148936170212766,0.86,0.8865979381443299,0.9094117647058824,111,8,14,86
GWOWOA,1,43,10.628935400000046,0.00010740000016085105,0.9223744292237442,0.9368421052631579,0.89,0.9128205128205128,0.9277310924369748,113,6,11,89
GWOWOA,2,44,11.97987589999957,9.870000030787196e-05,0.9269406392694064,0.9375,0.9,0.9183673469387755,0.9237815126050419,113,6,10,90
GWOWOA,3,45,11.948926899999606,9.689999933470972e-05,0.9452054794520548,0.94,0.94,0.94,0.9592436974789915,113,6,6,94
GWOWOA,4,46,11.766790199999377,0.00010620000011840602,0.9223744292237442,0.9368421052631579,0.89,0.9128205128205128,0.9343697478991597,113,6,11,89
GWOWOA,5,47,12.453522099999645,0.00011139999969600467,0.9452054794520548,0.9680851063829787,0.91,0.9381443298969072,0.9433613445378152,116,3,9,91
GWOWOA,6,48,11.61108250000052,0.00018420000014884863,0.908675799086758,0.9347826086956522,0.86,0.8958333333333334,0.9178991596638655,113,6,14,86
GWOWOA,7,49,10.911549500000547,6.430000030377414e-05,0.9178082191780822,0.9270833333333334,0.89,0.9081632653061225,0.9052100840336135,112,7,11,89
GWOWOA,8,50,11.472964300000058,0.00010640000073181,0.9223744292237442,0.9108910891089109,0.92,0.9154228855721394,0.9100000000000001,110,9,8,92
GWOWOA,9,51,11.992455999999947,9.200000022246968e-05,0.91324200913242,0.9354838709677419,0.87,0.9015544041450777,0.9181512605042017,113,6,13,87
GWOWOA,10,52,11.483333999999559,0.00018340000042371685,0.908675799086758,0.9081632653061225,0.89,0.898989898989899,0.9256302521008404,110,9,11,89
GWOWOA,11,53,11.458765000000312,0.00014960000044084154,0.9315068493150684,0.9473684210526315,0.9,0.9230769230769231,0.9368907563025209,114,5,10,90
GWOWOA,12,54,11.451971699999376,7.819999973435188e-05,0.9223744292237442,0.9108910891089109,0.92,0.9154228855721394,0.9304201680672269,110,9,8,92
GWOWOA,13,55,12.130943600000137,8.689999958733097e-05,0.9360730593607306,0.9479166666666666,0.91,0.9285714285714286,0.9368067226890756,114,5,9,91
GWOWOA,14,56,11.312184599999455,0.00012570000035339035,0.9269406392694064,0.9285714285714286,0.91,0.9191919191919192,0.9340336134453783,112,7,9,91
GWOWOA,15,57,10.578704300000027,0.001959000000169908,0.9406392694063926,0.9484536082474226,0.92,0.934010152284264,0.9415126050420168,114,5,8,92
GWOWOA,16,58,10.875307300000713,0.00011480000011943048,0.9223744292237442,0.9278350515463918,0.9,0.9137055837563451,0.9406722689075631,112,7,10,90
GWOWOA,17,59,11.69565749999947,0.00021879999985685572,0.9360730593607306,0.9479166666666666,0.91,0.9285714285714286,0.9447899159663866,114,5,9,91
GWOWOA,18,60,11.553715799999736,0.00010110000039276201,0.9178082191780822,0.91,0.91,0.91,0.9102521008403361,110,9,9,91
GWOWOA,19,61,10.536846500000138,0.00023579999924550066,0.954337899543379,0.95,0.95,0.95,0.9512605042016806,114,5,5,95
GWOWOA,20,62,11.203784700000142,0.00013779999972030055,0.9406392694063926,0.9578947368421052,0.91,0.9333333333333333,0.9494957983193277,115,4,9,91
