model,arm,metric,mean_none,mean_arm,mean_diff,ci_low,ci_high,p_wilcoxon,p_bh,significant_bh_0.05
SVM,smote,roc_auc,0.4760690789473684,0.5103892543859649,0.03432017543859652,0.005027204200223161,0.06361314667696988,0.029575347900390625,0.04929224650065104,True
SVM,smote,pr_auc,0.7553697886032008,0.7850201452253553,0.0296503566221545,0.010458600049480665,0.04884211319482834,0.006389617919921875,0.011058954092172476,True
SVM,smote,balanced_accuracy,0.5,0.49769736842105256,-0.0023026315789473812,-0.015680316965530787,0.011075053807636025,0.6006866595340323,0.7240419556883425,False
SVM,smote,gmean,0.0,0.4125588541977544,0.4125588541977544,0.38898475656847803,0.43613295182703077,1.9073486328125e-06,4.858340857163915e-06,True
SVM,smote,sensitivity,1.0,0.7703947368421054,-0.22960526315789473,-0.2494317981820274,-0.20977872813376205,1.9073486328125e-06,4.858340857163915e-06,True
SVM,smote,specificity,0.0,0.225,0.225,0.1993782905845764,0.2506217094154236,1.9073486328125e-06,4.858340857163915e-06,True
SVM,smote,f1,0.8636363636363636,0.7641080433949723,-0.09952832024139147,-0.11120659257403487,-0.08785004790874806,1.9073486328125e-06,4.858340857163915e-06,True
SVM,smote,mcc,0.0,-0.004430114075608435,-0.004430114075608435,-0.03231120493025395,0.023450976779037083,0.6006866595340323,0.7240419556883425,False
SVM,smote,accuracy,0.76,0.6395,-0.12050000000000002,-0.13478261418333565,-0.10621738581666439,1.9073486328125e-06,4.858340857163915e-06,True
SVM,adasyn,roc_auc,0.4760690789473684,0.5205866228070175,0.04451754385964913,0.018404954371224684,0.07063013334807358,0.001689910888671875,0.0030216949664993793,True
SVM,adasyn,pr_auc,0.7553697886032008,0.7861485147151556,0.030778726111954802,0.014146719790543404,0.0474107324333662,0.0007076263427734375,0.0013647079467773438,True
SVM,adasyn,balanced_accuracy,0.5,0.5003289473684209,0.00032894736842103425,-0.017643394964362458,0.018301289701204523,0.8405336616716674,0.9660510611026845,False
SVM,adasyn,gmean,0.0,0.42135524554694087,0.42135524554694087,0.3927646701636099,0.44994582093027186,1.9073486328125e-06,4.858340857163915e-06,True
SVM,adasyn,sensitivity,1.0,0.763157894736842,-0.23684210526315783,-0.25692121779496013,-0.21676299273135552,1.9073486328125e-06,4.858340857163915e-06,True
SVM,adasyn,specificity,0.0,0.23749999999999996,0.23749999999999996,0.2064404829398316,0.2685595170601683,1.9073486328125e-06,4.858340857163915e-06,True
SVM,adasyn,f1,0.8636363636363636,0.7611832813559056,-0.10245308228045805,-0.11530468404601701,-0.08960148051489908,1.9073486328125e-06,4.858340857163915e-06,True
SVM,adasyn,mcc,0.0,0.0009186531102930877,0.0009186531102930877,-0.03542840071126461,0.03726570693185078,0.9039076325167246,1.0,False
SVM,adasyn,accuracy,0.76,0.6370000000000001,-0.123,-0.13957117485204978,-0.10642882514795021,1.9073486328125e-06,4.858340857163915e-06,True
SVM,classweight,roc_auc,0.4760690789473684,0.4936677631578948,0.01759868421052632,-0.017224852143704634,0.052422220564757274,0.4523754119873047,0.5707540244699638,False
SVM,classweight,pr_auc,0.7553697886032008,0.7703540690057032,0.014984280402502426,-0.004859942494080154,0.034828503299085004,0.17685317993164062,0.2553495111312458,False
SVM,classweight,balanced_accuracy,0.5,0.5,0.0,0.0,0.0,1.0,1.0,False
SVM,classweight,gmean,0.0,0.0,0.0,0.0,0.0,1.0,1.0,False
SVM,classweight,sensitivity,1.0,1.0,0.0,0.0,0.0,1.0,1.0,False
SVM,classweight,specificity,0.0,0.0,0.0,0.0,0.0,1.0,1.0,False
SVM,classweight,f1,0.8636363636363636,0.8636363636363636,0.0,0.0,0.0,1.0,1.0,False
SVM,classweight,mcc,0.0,0.0,0.0,0.0,0.0,1.0,1.0,False
SVM,classweight,accuracy,0.76,0.76,0.0,0.0,0.0,1.0,1.0,False
SVM,threshold,roc_auc,0.4760690789473684,0.4760690789473684,0.0,0.0,0.0,1.0,1.0,False
SVM,threshold,pr_auc,0.7553697886032008,0.7553697886032008,0.0,0.0,0.0,1.0,1.0,False
SVM,threshold,balanced_accuracy,0.5,0.48733552631578947,-0.012664473684210536,-0.0314825017155007,0.006153554347079633,0.14732171694097326,0.21501007337331232,False
SVM,threshold,gmean,0.0,0.27803447647778184,0.27803447647778184,0.18383455957634853,0.37223439337921516,0.0006516660806139112,0.0012658261997536406,True
SVM,threshold,sensitivity,1.0,0.580921052631579,-0.41907894736842105,-0.5824869614608364,-0.25567093327600565,0.0002919049007944203,0.0005937529475885398,True
SVM,threshold,specificity,0.0,0.39374999999999993,0.39374999999999993,0.23004823597052906,0.5574517640294708,0.0004348772241765822,0.0008570573031217313,True
SVM,threshold,f1,0.8636363636363636,0.5890491390169351,-0.2745872246194286,-0.40552644691024486,-0.14364800232861233,0.00029247830381213256,0.0005937529475885398,True
SVM,threshold,mcc,0.0,-0.031834412861937944,-0.031834412861937944,-0.06681140435687277,0.003142578632996891,0.05241284600041932,0.08576647527341344,False
SVM,threshold,accuracy,0.76,0.5359999999999999,-0.22400000000000003,-0.3104097332591607,-0.13759026674083935,0.00028905006410405866,0.0005937529475885398,True
MLP,smote,roc_auc,0.5447916666666666,0.5356633771929825,-0.009128289473684211,-0.021440314558240962,0.003183735610872542,0.12126617427553196,0.18260997730297046,False
MLP,smote,pr_auc,0.7959678150048248,0.7919824831911324,-0.003985331813692272,-0.009933295411628053,0.001962631784243509,0.2305126190185547,0.3293037414550781,False
MLP,smote,balanced_accuracy,0.5236293859649124,0.5224780701754386,-0.0011513157894736865,-0.021986204242926216,0.01968357266397884,0.7841262817382812,0.9086441891387809,False
MLP,smote,gmean,0.2839102982100806,0.47882895993002456,0.19491866171994396,0.14384180118344153,0.2459955222564464,1.9073486328125e-06,4.858340857163915e-06,True
MLP,smote,sensitivity,0.9493421052631581,0.7157894736842105,-0.23355263157894735,-0.2597459294871577,-0.20735933367073697,1.9073486328125e-06,4.858340857163915e-06,True
MLP,smote,specificity,0.09791666666666664,0.32916666666666666,0.23125000000000004,0.1863005542335437,0.2761994457664564,1.9073486328125e-06,4.858340857163915e-06,True
MLP,smote,f1,0.8496478361958939,0.7417378280024993,-0.1079100081933944,-0.12321830632802126,-0.09260171005876754,1.9073486328125e-06,4.858340857163915e-06,True
MLP,smote,mcc,0.0861448925732603,0.04192248512926054,-0.04422240744399976,-0.09206601463685568,0.003621199748856163,0.029575347900390625,0.04929224650065104,True
MLP,smote,accuracy,0.745,0.623,-0.12200000000000003,-0.14032222055037463,-0.10367777944962542,1.9073486328125e-06,4.858340857163915e-06,True
MLP,adasyn,roc_auc,0.5447916666666666,0.5483552631578947,0.003563596491228066,-0.010019444238263672,0.017146637220719803,0.7561664581298828,0.880021309030467,False
MLP,adasyn,pr_auc,0.7959678150048248,0.8002229783433175,0.00425516333849274,-0.003800762131477998,0.012311088808463478,0.26109886169433594,0.3671702742576599,False
MLP,adasyn,balanced_accuracy,0.5236293859649124,0.5322368421052632,0.008607456140350892,-0.010172822770802005,0.02738773505150379,0.4523754119873047,0.5707540244699638,False
MLP,adasyn,gmean,0.2839102982100806,0.4769171244839151,0.19300682627383428,0.13055922614983473,0.25545442639783383,1.9073486328125e-06,4.858340857163915e-06,True
MLP,adasyn,sensitivity,0.9493421052631581,0.7519736842105263,-0.19736842105263158,-0.22006072970040708,-0.1746761124048561,1.9073486328125e-06,4.858340857163915e-06,True
MLP,adasyn,specificity,0.09791666666666664,0.3125,0.21458333333333335,0.16307695120422294,0.26608971546244375,1.9073486328125e-06,4.858340857163915e-06,True
MLP,adasyn,f1,0.8496478361958939,0.7631545956149347,-0.08649324058095896,-0.0965774036115781,-0.07640907755033982,1.9073486328125e-06,4.858340857163915e-06,True
MLP,adasyn,mcc,0.0861448925732603,0.061046766682962605,-0.025098125890297706,-0.07018892691485781,0.019992675134262405,0.26109886169433594,0.3671702742576599,False
MLP,adasyn,accuracy,0.745,0.6464999999999999,-0.09849999999999999,-0.10989082476880685,-0.08710917523119313,1.9073486328125e-06,4.858340857163915e-06,True
MLP,threshold,roc_auc,0.5447916666666666,0.5447916666666666,0.0,0.0,0.0,1.0,1.0,False
MLP,threshold,pr_auc,0.7959678150048248,0.7959678150048248,0.0,0.0,0.0,1.0,1.0,False
MLP,threshold,balanced_accuracy,0.5236293859649124,0.5239035087719298,0.0002741228070175433,-0.01665191064516497,0.01720015625920006,0.956329345703125,1.0,False
MLP,threshold,gmean,0.2839102982100806,0.4457611589023399,0.16185086069225924,0.09526721147683266,0.22843450990768582,0.0001678466796875,0.0003596714564732143,True
MLP,threshold,sensitivity,0.9493421052631581,0.40197368421052626,-0.5473684210526315,-0.6630493434313358,-0.4316874986739272,1.9073486328125e-06,4.858340857163915e-06,True
MLP,threshold,specificity,0.09791666666666664,0.6458333333333334,0.5479166666666667,0.423569905443342,0.6722634278899915,1.9073486328125e-06,4.858340857163915e-06,True
MLP,threshold,f1,0.8496478361958939,0.49211847116396273,-0.35752936503193095,-0.4540837576581812,-0.2609749724056807,1.9073486328125e-06,4.858340857163915e-06,True
MLP,threshold,mcc,0.0861448925732603,0.048098025989213256,-0.03804686658404706,-0.08821817450118866,0.012124441333094545,0.13272666931152344,0.19582623341044442,False
MLP,threshold,accuracy,0.745,0.4605,-0.2845,-0.3442323003079082,-0.22476769969209176,1.9073486328125e-06,4.858340857163915e-06,True
XGB,smote,roc_auc,0.5552905701754386,0.5727521929824562,0.01746162280701756,-0.0030473009884692155,0.03797054660250433,0.1230926513671875,0.18260997730297046,False
XGB,smote,pr_auc,0.8083645052539623,0.8218213678628479,0.01345686260888554,-0.0005590287915825231,0.027472754009353603,0.082550048828125,0.13034218236019737,False
XGB,smote,balanced_accuracy,0.5,0.5508771929824563,0.050877192982456146,0.02748329701865478,0.07427108894625752,0.000966183741395627,0.0018264357171977475,True
XGB,smote,gmean,0.0,0.5392538939980128,0.5392538939980128,0.5120829592753826,0.566424828720643,1.9073486328125e-06,4.858340857163915e-06,True
XGB,smote,sensitivity,1.0,0.6309210526315789,-0.36907894736842106,-0.4042266232307768,-0.33393127150606533,1.9073486328125e-06,4.858340857163915e-06,True
XGB,smote,specificity,0.0,0.4708333333333333,0.4708333333333333,0.4221948619045223,0.5194718047621444,1.9073486328125e-06,4.858340857163915e-06,True
XGB,smote,f1,0.8636363636363636,0.6995286923860207,-0.16410767125034295,-0.18931331612070307,-0.13890202637998283,1.9073486328125e-06,4.858340857163915e-06,True
XGB,smote,mcc,0.0,0.08951494079102608,0.08951494079102608,0.048306875005799714,0.13072300657625244,0.0009673344724417701,0.0018264357171977475,True
XGB,smote,accuracy,0.76,0.5925,-0.16750000000000004,-0.19183651228328683,-0.14316348771671325,1.9073486328125e-06,4.858340857163915e-06,True
XGB,adasyn,roc_auc,0.5552905701754386,0.5696820175438596,0.01439144736842107,-0.0013030472273012628,0.030085941964143402,0.14290618896484375,0.209699299024499,False
XGB,adasyn,pr_auc,0.8083645052539623,0.8171739061867298,0.00880940093276753,-0.0018933610614890704,0.01951216292702413,0.1230926513671875,0.18260997730297046,False
XGB,adasyn,balanced_accuracy,0.5,0.5436403508771932,0.04364035087719298,0.022173659088103266,0.0651070426662827,0.0003948211669921875,0.0007838361403521369,True
XGB,adasyn,gmean,0.0,0.5297441275083882,0.5297441275083882,0.5052843213608919,0.5542039336558845,1.9073486328125e-06,4.858340857163915e-06,True
XGB,adasyn,sensitivity,1.0,0.6289473684210526,-0.3710526315789474,-0.4101327894675976,-0.3319724736902972,1.9073486328125e-06,4.858340857163915e-06,True
XGB,adasyn,specificity,0.0,0.4583333333333333,0.4583333333333333,0.4069339219990875,0.5097327446675791,1.9073486328125e-06,4.858340857163915e-06,True
XGB,adasyn,f1,0.8636363636363636,0.6960683659364613,-0.16756799769990238,-0.19330365026185303,-0.14183234513795173,1.9073486328125e-06,4.858340857163915e-06,True
XGB,adasyn,mcc,0.0,0.07736872218435684,0.07736872218435684,0.039993838262505806,0.11474360610620787,0.0003223419189453125,0.000644683837890625,True
XGB,adasyn,accuracy,0.76,0.588,-0.172,-0.19669973757149042,-0.14730026242850955,1.9073486328125e-06,4.858340857163915e-06,True
XGB,classweight,roc_auc,0.5552905701754386,0.5641584429824562,0.008867872807017585,-0.0015368719826109462,0.019272617596646117,0.082550048828125,0.13034218236019737,False
XGB,classweight,pr_auc,0.8083645052539623,0.8110236301021793,0.0026591248482171147,-0.005808010516453736,0.011126260212887967,0.34881019592285156,0.47089376449584963,False
XGB,classweight,balanced_accuracy,0.5,0.528782894736842,0.02878289473684209,0.0039254548825517245,0.05364033459113246,0.04844093322753906,0.07975031689899724,False
XGB,classweight,gmean,0.0,0.5086754397390697,0.5086754397390697,0.47640426208725906,0.5409466173908803,1.9073486328125e-06,4.858340857163915e-06,True
XGB,classweight,sensitivity,1.0,0.6388157894736841,-0.3611842105263158,-0.3934913802066184,-0.32887704084601316,1.9073486328125e-06,4.858340857163915e-06,True
XGB,classweight,specificity,0.0,0.41875,0.41875,0.36059992521459205,0.47690007478540797,1.9073486328125e-06,4.858340857163915e-06,True
XGB,classweight,f1,0.8636363636363636,0.6993401107955679,-0.1642962528407957,-0.18512906932390932,-0.14346343635768205,1.9073486328125e-06,4.858340857163915e-06,True
XGB,classweight,mcc,0.0,0.050081740227831406,0.050081740227831406,0.006418924758317825,0.093744555697345,0.04844093322753906,0.07975031689899724,False
XGB,classweight,accuracy,0.76,0.5860000000000001,-0.17400000000000002,-0.1950072104302092,-0.15299278956979084,1.9073486328125e-06,4.858340857163915e-06,True
XGB,threshold,roc_auc,0.5552905701754386,0.5552905701754386,0.0,0.0,0.0,1.0,1.0,False
XGB,threshold,pr_auc,0.8083645052539623,0.8083645052539623,0.0,0.0,0.0,1.0,1.0,False
XGB,threshold,balanced_accuracy,0.5,0.5264254385964912,0.026425438596491223,-0.001110778033198881,0.05396165522618133,0.06372261047363281,0.10180535401112935,False
XGB,threshold,gmean,0.0,0.4692230960043119,0.4692230960043119,0.4346438440464151,0.5038023479622087,1.9073486328125e-06,4.858340857163915e-06,True
XGB,threshold,sensitivity,1.0,0.47368421052631576,-0.5263157894736843,-0.6277792097078481,-0.42485236923952047,1.9073486328125e-06,4.858340857163915e-06,True
XGB,threshold,specificity,0.0,0.5791666666666668,0.5791666666666668,0.45536432462925247,0.7029690087040812,1.9073486328125e-06,4.858340857163915e-06,True
XGB,threshold,f1,0.8636363636363636,0.5631239898218652,-0.30051237381449836,-0.3745283410888879,-0.2264964065401088,1.9073486328125e-06,4.858340857163915e-06,True
XGB,threshold,mcc,0.0,0.051915105862994804,0.051915105862994804,0.0011594242595733342,0.10267078746641628,0.06372261047363281,0.10180535401112935,False
XGB,threshold,accuracy,0.76,0.499,-0.261,-0.31304725996893495,-0.2089527400310651,1.9073486328125e-06,4.858340857163915e-06,True
LR,smote,roc_auc,0.5379660087719298,0.5365131578947369,-0.0014528508771929876,-0.00823295848017608,0.005327256725790105,0.7561664581298828,0.880021309030467,False
LR,smote,pr_auc,0.7915587850538456,0.7923634227784431,0.0008046377245974178,-0.004885899838721891,0.0064951752879167275,0.8408222198486328,0.9660510611026845,False
LR,smote,balanced_accuracy,0.49934210526315786,0.5405701754385964,0.0412280701754386,0.018509878520565938,0.06394626183031127,0.0019855499267578125,0.0035269636856882195,True
LR,smote,gmean,0.0,0.5349451748715908,0.5349451748715908,0.5106159468057947,0.5592744029373868,1.9073486328125e-06,4.858340857163915e-06,True
LR,smote,sensitivity,0.9986842105263157,0.5894736842105263,-0.40921052631578947,-0.433753571486978,-0.3846674811446009,1.9073486328125e-06,4.858340857163915e-06,True
LR,smote,specificity,0.0,0.4916666666666667,0.4916666666666667,0.4471085305730351,0.5362248027602983,1.9073486328125e-06,4.858340857163915e-06,True
LR,smote,f1,0.862987012987013,0.6727427670616069,-0.19024424592540623,-0.2080223617214628,-0.17246613012934967,1.9073486328125e-06,4.858340857163915e-06,True
LR,smote,mcc,-0.00564782494724905,0.07021964392723354,0.07586746887448259,0.035465034671612786,0.1162699030773524,0.0014324188232421875,0.0025956582703046353,True
LR,smote,accuracy,0.759,0.5660000000000001,-0.19300000000000003,-0.2121528103757504,-0.17384718962424967,1.9073486328125e-06,4.858340857163915e-06,True
LR,adasyn,roc_auc,0.5379660087719298,0.5351425438596491,-0.002823464912280699,-0.010314965972048345,0.004668036147486948,0.40909767150878906,0.5361959772202575,False
LR,adasyn,pr_auc,0.7915587850538456,0.7908942077185561,-0.0006645773352895567,-0.007529905809559391,0.006200751138980277,0.8983173370361328,1.0,False
LR,adasyn,balanced_accuracy,0.49934210526315786,0.5339364035087719,0.03459429824561401,0.007697423169575987,0.061491173321652035,0.017181396484375,0.028993606567382812,True
LR,adasyn,gmean,0.0,0.5242728610444412,0.5242728610444412,0.49389231531046035,0.5546534067784219,1.9073486328125e-06,4.858340857163915e-06,True
LR,adasyn,sensitivity,0.9986842105263157,0.6032894736842105,-0.3953947368421053,-0.41965765477338746,-0.37113181891082314,1.9073486328125e-06,4.858340857163915e-06,True
LR,adasyn,specificity,0.0,0.4645833333333333,0.4645833333333333,0.41005684765254274,0.5191098190141239,1.9073486328125e-06,4.858340857163915e-06,True
LR,adasyn,f1,0.862987012987013,0.6798883446391971,-0.18309866834781585,-0.20083322705810933,-0.16536410963752238,1.9073486328125e-06,4.858340857163915e-06,True
LR,adasyn,mcc,-0.00564782494724905,0.05880575701087594,0.06445358195812498,0.016949517887424617,0.11195764602882534,0.01531219482421875,0.026001840267541272,True
LR,adasyn,accuracy,0.759,0.57,-0.189,-0.20873386913585248,-0.16926613086414752,1.9073486328125e-06,4.858340857163915e-06,True
LR,classweight,roc_auc,0.5379660087719298,0.5389254385964912,0.0009594298245614086,-0.0010121103279436328,0.00293096997706645,0.40909767150878906,0.5361959772202575,False
LR,classweight,pr_auc,0.7915587850538456,0.7919719994776919,0.00041321442384640303,-0.0015695850434407467,0.002396013891133553,0.4523754119873047,0.5707540244699638,False
LR,classweight,balanced_accuracy,0.49934210526315786,0.5404605263157894,0.041118421052631575,0.016852589881508073,0.06538425222375507,0.0010166168212890625,0.0018930106327451509,True
LR,classweight,gmean,0.0,0.5352219070596178,0.5352219070596178,0.5089929529275335,0.5614508611917021,1.9073486328125e-06,4.858340857163915e-06,True
LR,classweight,sensitivity,0.9986842105263157,0.5809210526315789,-0.41776315789473684,-0.4388956322669337,-0.39663068352254,1.9073486328125e-06,4.858340857163915e-06,True
LR,classweight,specificity,0.0,0.5,0.5,0.45099258418355076,0.5490074158164493,1.9073486328125e-06,4.858340857163915e-06,True
LR,classweight,f1,0.862987012987013,0.6675202964517246,-0.1954667165352884,-0.21123559185366697,-0.17969784121690985,1.9073486328125e-06,4.858340857163915e-06,True
LR,classweight,mcc,-0.00564782494724905,0.06965660909242663,0.07530443403967568,0.03272420486781377,0.1178846632115376,0.000850677490234375,0.001628956896193484,True
LR,classweight,accuracy,0.759,0.5615,-0.1975,-0.2150032645882593,-0.17999673541174072,1.9073486328125e-06,4.858340857163915e-06,True
LR,threshold,roc_auc,0.5379660087719298,0.5379660087719298,0.0,0.0,0.0,1.0,1.0,False
LR,threshold,pr_auc,0.7915587850538456,0.7915587850538456,0.0,0.0,0.0,1.0,1.0,False
LR,threshold,balanced_accuracy,0.49934210526315786,0.5245065789473685,0.02516447368421053,0.005865009356973257,0.04446393801144781,0.01000953783388119,0.017104906424986844,True
LR,threshold,gmean,0.0,0.41608460962105365,0.41608460962105365,0.3360157444760946,0.4961534747660127,0.00019643672621231134,0.00041114663625832607,True
LR,threshold,sensitivity,0.9986842105263157,0.5052631578947369,-0.4934210526315789,-0.621094359374603,-0.3657477458885549,1.9073486328125e-06,4.858340857163915e-06,True
LR,threshold,specificity,0.0,0.54375,0.54375,0.40564600661003036,0.6818539933899695,1.9073486328125e-06,4.858340857163915e-06,True
LR,threshold,f1,0.862987012987013,0.5628032172473091,-0.30018379573970383,-0.41677084435700007,-0.1835967471224076,1.9073486328125e-06,4.858340857163915e-06,True
LR,threshold,mcc,-0.00564782494724905,0.05178423194462586,0.0574320568918749,0.019939175950244706,0.0949249378335051,0.006210256590449749,0.010817866318847949,True
LR,threshold,accuracy,0.759,0.5145,-0.24450000000000002,-0.3103287632222098,-0.17867123677779023,0.0001308020996998329,0.0002871265603167064,True
ELM,smote,roc_auc,0.5140899122807017,0.5091557017543858,-0.004934210526315796,-0.016948163941477176,0.007079742888845582,0.2942523956298828,0.39923691869381084,False
ELM,smote,pr_auc,0.7804578973566831,0.7811178236733883,0.0006599263167052672,-0.006495934199995616,0.00781578683340615,0.9854354858398438,1.0,False
ELM,smote,balanced_accuracy,0.5131578947368421,0.4942982456140351,-0.018859649122807014,-0.04180379651644291,0.004084498270828886,0.11398696899414062,0.17290158218212343,False
ELM,smote,gmean,0.24021658638416862,0.4668038356856912,0.22658724930152258,0.1691258510466302,0.28404864755641496,1.9073486328125e-06,4.858340857163915e-06,True
ELM,smote,sensitivity,0.9513157894736841,0.6427631578947368,-0.30855263157894736,-0.33463903320361,-0.2824662299542847,1.9073486328125e-06,4.858340857163915e-06,True
ELM,smote,specificity,0.07499999999999997,0.3458333333333333,0.27083333333333337,0.2276901035761637,0.31397656309050304,1.9073486328125e-06,4.858340857163915e-06,True
ELM,smote,f1,0.8478536585242555,0.6938946408880322,-0.15395901763622316,-0.17130117459202732,-0.136616860680419,1.9073486328125e-06,4.858340857163915e-06,True
ELM,smote,mcc,0.05885476316505288,-0.009880246295781747,-0.06873500946083463,-0.1334383046389072,-0.004031714282762056,0.05316925048828125,0.08648010621587914,False
ELM,smote,accuracy,0.7410000000000001,0.5714999999999999,-0.16949999999999998,-0.1900115795294705,-0.14898842047052946,1.9073486328125e-06,4.858340857163915e-06,True
ELM,adasyn,roc_auc,0.5140899122807017,0.5137061403508772,-0.0003837719298245529,-0.017458718652223634,0.01669117479257453,0.956329345703125,1.0,False
ELM,adasyn,pr_auc,0.7804578973566831,0.7825484347047955,0.0020905373481124867,-0.0066627696896610425,0.010843844385886016,0.6742229461669922,0.8054875905534863,False
ELM,adasyn,balanced_accuracy,0.5131578947368421,0.4915570175438596,-0.021600877192982447,-0.04631640833791423,0.0031146539519493373,0.11189633370567016,0.17264005771731966,False
ELM,adasyn,gmean,0.24021658638416862,0.4652903951944817,0.22507380881031303,0.16217487798635544,0.2879727396342706,3.814697265625e-06,9.449250107511467e-06,True
ELM,adasyn,sensitivity,0.9513157894736841,0.6289473684210527,-0.3223684210526315,-0.3532235963772247,-0.29151324572803833,1.9073486328125e-06,4.858340857163915e-06,True
ELM,adasyn,specificity,0.07499999999999997,0.3541666666666667,0.27916666666666673,0.22851249799963141,0.32982083533370204,1.9073486328125e-06,4.858340857163915e-06,True
ELM,adasyn,f1,0.8478536585242555,0.6846097599439762,-0.16324389858027924,-0.18338724858347832,-0.14310054857708016,1.9073486328125e-06,4.858340857163915e-06,True
ELM,adasyn,mcc,0.05885476316505288,-0.015128169602819106,-0.073982932767872,-0.14282667370153015,-0.005139191834213852,0.058258056640625,0.09418967241298652,False
ELM,adasyn,accuracy,0.7410000000000001,0.5630000000000001,-0.178,-0.2003989089613447,-0.15560109103865527,1.9073486328125e-06,4.858340857163915e-06,True
ELM,threshold,roc_auc,0.5140899122807017,0.5140899122807017,0.0,0.0,0.0,1.0,1.0,False
ELM,threshold,pr_auc,0.7804578973566831,0.7804578973566831,0.0,0.0,0.0,1.0,1.0,False
ELM,threshold,balanced_accuracy,0.5131578947368421,0.519736842105263,0.006578947368421048,-0.01216714816443542,0.025325042901277517,0.5216732025146484,0.6551244868788608,False
ELM,threshold,gmean,0.24021658638416862,0.41045667623980153,0.1702400898556328,0.1009581777957474,0.2395220019155182,0.0001678466796875,0.0003596714564732143,True
ELM,threshold,sensitivity,0.9513157894736841,0.5769736842105264,-0.3743421052631579,-0.5254147958318282,-0.2232694146944877,1.33514404296875e-05,3.081101637620192e-05,True
ELM,threshold,specificity,0.07499999999999997,0.4625,0.38749999999999996,0.2415571554258377,0.5334428445741622,1.9073486328125e-05,4.3642722954184324e-05,True
ELM,threshold,f1,0.8478536585242555,0.605281547717919,-0.2425721108063365,-0.36425251762743516,-0.12089170398523783,1.33514404296875e-05,3.081101637620192e-05,True
ELM,threshold,mcc,0.05885476316505288,0.04997427658071116,-0.008880486584341743,-0.06589414354039023,0.04813317037170675,0.9272785186767578,1.0,False
ELM,threshold,accuracy,0.7410000000000001,0.5495,-0.19149999999999998,-0.27285030269783905,-0.11014969730216087,1.33514404296875e-05,3.081101637620192e-05,True
MEO,smote,roc_auc,0.5201754385964912,0.5142543859649122,-0.005921052631578952,-0.03235790069595197,0.02051579543279407,0.6742229461669922,0.8054875905534863,False
MEO,smote,pr_auc,0.7824836316353312,0.7848073979731413,0.0023237663378100513,-0.014876995849498358,0.019524528525118462,0.5958194732666016,0.7240419556883425,False
MEO,smote,balanced_accuracy,0.5127741228070176,0.4962171052631579,-0.016557017543859628,-0.04264740380847693,0.009533368720757676,0.36827659606933594,0.4922508957362411,False
MEO,smote,gmean,0.29683448868140794,0.4694506805561935,0.1726161918747855,0.12119469139199543,0.22403769235757556,9.5367431640625e-06,2.2587023283305923e-05,True
MEO,smote,sensitivity,0.9151315789473685,0.6361842105263158,-0.27894736842105267,-0.3068185412762239,-0.25107619556588145,1.9073486328125e-06,4.858340857163915e-06,True
MEO,smote,specificity,0.11041666666666664,0.35625,0.2458333333333334,0.20025380189288855,0.29141286477377826,1.9073486328125e-06,4.858340857163915e-06,True
MEO,smote,f1,0.8332909462963182,0.6910006059715001,-0.14229034032481788,-0.1613266954786773,-0.12325398517095845,1.9073486328125e-06,4.858340857163915e-06,True
MEO,smote,mcc,0.031794991540270774,-0.007494638862079609,-0.039289630402350374,-0.09359496932643259,0.015015708521731841,0.2773551940917969,0.3801314842882495,False
MEO,smote,accuracy,0.7220000000000001,0.5690000000000001,-0.153,-0.1763316478354085,-0.1296683521645915,1.9073486328125e-06,4.858340857163915e-06,True
MEO,adasyn,roc_auc,0.5201754385964912,0.5252192982456141,0.005043859649122806,-0.020346927176583814,0.030434646474829425,0.5958194732666016,0.7240419556883425,False
MEO,adasyn,pr_auc,0.7824836316353312,0.7891337396422313,0.006650108006900146,-0.006563243965084126,0.019863459978884418,0.36827659606933594,0.4922508957362411,False
MEO,adasyn,balanced_accuracy,0.5127741228070176,0.5081140350877192,-0.004660087719298234,-0.03038344519459818,0.021063269756001708,0.5705966949462891,0.706702328603202,False
MEO,adasyn,gmean,0.29683448868140794,0.48364600750340375,0.18681151882199593,0.13187267779689155,0.2417503598471003,3.814697265625e-06,9.449250107511467e-06,True
MEO,adasyn,sensitivity,0.9151315789473685,0.6453947368421054,-0.2697368421052632,-0.29816811740169274,-0.24130556680883367,1.9073486328125e-06,4.858340857163915e-06,True
MEO,adasyn,specificity,0.11041666666666664,0.37083333333333335,0.2604166666666667,0.213123875596968,0.3077094577363654,1.9073486328125e-06,4.858340857163915e-06,True
MEO,adasyn,f1,0.8332909462963182,0.6986583848705521,-0.13463256142576588,-0.15427597022089803,-0.11498915263063372,1.9073486328125e-06,4.858340857163915e-06,True
MEO,adasyn,mcc,0.031794991540270774,0.014472176861502267,-0.01732281467876849,-0.07371498404679194,0.039069354689254966,0.5458755493164062,0.6791999922370031,False
MEO,adasyn,accuracy,0.7220000000000001,0.5795,-0.14249999999999996,-0.16537129419447846,-0.11962870580552147,1.9073486328125e-06,4.858340857163915e-06,True
MEO,threshold,roc_auc,0.5201754385964912,0.5201754385964912,0.0,0.0,0.0,1.0,1.0,False
MEO,threshold,pr_auc,0.7824836316353312,0.7824836316353312,0.0,0.0,0.0,1.0,1.0,False
MEO,threshold,balanced_accuracy,0.5127741228070176,0.5041118421052632,-0.008662280701754363,-0.026927455120728014,0.00960289371721929,0.4523754119873047,0.5707540244699638,False
MEO,threshold,gmean,0.29683448868140794,0.4078619526685082,0.11102746398710031,0.052659383932544906,0.16939554404165572,0.0014324188232421875,0.0025956582703046353,True
MEO,threshold,sensitivity,0.9151315789473685,0.5519736842105263,-0.3631578947368422,-0.49959583705430277,-0.2267199524193816,2.6702880859375e-05,5.9584940760588846e-05,True
MEO,threshold,specificity,0.11041666666666664,0.4562500000000001,0.3458333333333333,0.22183714617401357,0.4698295204926531,0.0001534318915079138,0.00033408557021884455,True
MEO,threshold,f1,0.8332909462963182,0.5955922649377628,-0.23769868135855524,-0.34399119998089256,-0.1314061627362179,2.6702880859375e-05,5.9584940760588846e-05,True
MEO,threshold,mcc,0.031794991540270774,0.008221643110996142,-0.02357334842927463,-0.0723888228337463,0.02524212597519704,0.40909767150878906,0.5361959772202575,False
MEO,threshold,accuracy,0.7220000000000001,0.529,-0.193,-0.2683748712729085,-0.11762512872709151,3.62396240234375e-05,8.020244660924693e-05,True
HIWOA,smote,roc_auc,0.5216282894736841,0.5328673245614035,0.011239035087719298,-0.01697698420755188,0.039455054382990476,0.4304332733154297,0.5534142085484096,False
HIWOA,smote,pr_auc,0.7850930204585477,0.7935591255829688,0.008466105124421076,-0.008058461053559632,0.024990671302401783,0.2773551940917969,0.3801314842882495,False
HIWOA,smote,balanced_accuracy,0.5139802631578946,0.5166118421052632,0.002631578947368443,-0.029467705854440876,0.03473086374917776,0.7561664581298828,0.880021309030467,False
HIWOA,smote,gmean,0.2741366326014821,0.494932579251247,0.22079594664976493,0.15550879596518336,0.2860830973343465,3.814697265625e-06,9.449250107511467e-06,True
HIWOA,smote,sensitivity,0.9342105263157896,0.6394736842105264,-0.2947368421052632,-0.33441507113711955,-0.2550586130734068,1.9073486328125e-06,4.858340857163915e-06,True
HIWOA,smote,specificity,0.09374999999999997,0.39375000000000004,0.3,0.23977867922770535,0.36022132077229463,1.9073486328125e-06,4.858340857163915e-06,True
HIWOA,smote,f1,0.8413121986967489,0.6968227424464694,-0.14448945625027945,-0.17036116758090122,-0.11861774491965768,1.9073486328125e-06,4.858340857163915e-06,True
HIWOA,smote,mcc,0.04799143907239883,0.02990345164625957,-0.018087987426139256,-0.08905082772191325,0.05287485286963473,0.5958194732666016,0.7240419556883425,False
HIWOA,smote,accuracy,0.7325,0.5805,-0.15199999999999997,-0.182353596657222,-0.12164640334277793,1.9073486328125e-06,4.858340857163915e-06,True
HIWOA,adasyn,roc_auc,0.5216282894736841,0.48555372807017533,-0.036074561403508794,-0.07336060269584645,0.0012114798888288592,0.08969497680664062,0.140800254289494,False
HIWOA,adasyn,pr_auc,0.7850930204585477,0.7660375348808854,-0.019055485577662297,-0.03988774193264885,0.001776770777324254,0.10539817810058594,0.16354889705263334,False
HIWOA,adasyn,balanced_accuracy,0.5139802631578946,0.49375,-0.020230263157894713,-0.05207249536732432,0.011611969051534898,0.24548721313476562,0.3488502502441406,False
HIWOA,adasyn,gmean,0.2741366326014821,0.460904632211063,0.18676799960958085,0.1243589320751653,0.2491770671439964,9.5367431640625e-06,2.2587023283305923e-05,True
HIWOA,adasyn,sensitivity,0.9342105263157896,0.6500000000000001,-0.2842105263157894,-0.3118515926713278,-0.25656945996025105,1.9073486328125e-06,4.858340857163915e-06,True
HIWOA,adasyn,specificity,0.09374999999999997,0.3375,0.24375000000000005,0.18922351431920947,0.2982764856807906,0.00018402389748100703,0.0003881754087489992,True
HIWOA,adasyn,f1,0.8413121986967489,0.6985899762502735,-0.14272222244647517,-0.16252447860930366,-0.12291996628364668,1.9073486328125e-06,4.858340857163915e-06,True
HIWOA,adasyn,mcc,0.04799143907239883,-0.012223517602875902,-0.060214956675274725,-0.13631169750574357,0.015881784155194117,0.1230926513671875,0.18260997730297046,False
HIWOA,adasyn,accuracy,0.7325,0.575,-0.15749999999999997,-0.1833970691976906,-0.13160293080230934,1.9073486328125e-06,4.858340857163915e-06,True
HIWOA,threshold,roc_auc,0.5216282894736841,0.5216282894736841,0.0,0.0,0.0,1.0,1.0,False
HIWOA,threshold,pr_auc,0.7850930204585477,0.7850930204585477,0.0,0.0,0.0,1.0,1.0,False
HIWOA,threshold,balanced_accuracy,0.5139802631578946,0.5077302631578947,-0.006249999999999978,-0.021372799250764886,0.008872799250764929,0.2859220695061908,0.3898937311448057,False
HIWOA,threshold,gmean,0.2741366326014821,0.3144406154764961,0.040303982875014,-0.049744406012595076,0.13035237176262307,0.27620328978060316,0.3801314842882495,False
HIWOA,threshold,sensitivity,0.9342105263157896,0.5592105263157895,-0.375,-0.5501197430274404,-0.19988025697255965,0.0012663844164278583,0.0023260121934389234,True
HIWOA,threshold,specificity,0.09374999999999997,0.45625,0.3625,0.18922106896512816,0.5357789310348718,0.0016267076362183332,0.002928073745193,True
HIWOA,threshold,f1,0.8413121986967489,0.5644767672204222,-0.2768354314763267,-0.4218744142752532,-0.13179644867740029,0.0010088325774685678,0.0018915610827535648,True
HIWOA,threshold,mcc,0.04799143907239883,0.029253327025200206,-0.018738112047198625,-0.06253608930690686,0.025059865212509618,0.4204264735837405,0.5483823568483572,False
HIWOA,threshold,accuracy,0.7325,0.5344999999999999,-0.198,-0.2904079757338115,-0.1055920242661885,0.0011638983731843858,0.002152414799724549,True
HGS,smote,roc_auc,0.5174890350877193,0.5306743421052631,0.013185307017543852,-0.018975113323355806,0.04534572735844351,0.2773551940917969,0.3801314842882495,False
HGS,smote,pr_auc,0.7716926520001027,0.7971033184241145,0.02541066642401188,0.007852218017438024,0.042969114830585735,0.0072956085205078125,0.012546587901510252,True
HGS,smote,balanced_accuracy,0.5026315789473684,0.5205592105263157,0.017927631578947386,-0.012743843714784236,0.04859910687267901,0.2773551940917969,0.3801314842882495,False
HGS,smote,gmean,0.22353967196627686,0.49901345948195236,0.2754737875156754,0.2063085577159232,0.3446390173154276,1.9073486328125e-06,4.858340857163915e-06,True
HGS,smote,sensitivity,0.9302631578947367,0.6348684210526315,-0.2953947368421052,-0.3313841236676598,-0.25940535001655063,1.9073486328125e-06,4.858340857163915e-06,True
HGS,smote,specificity,0.07499999999999997,0.40625,0.33125,0.27073857415220975,0.3917614258477902,1.9073486328125e-06,4.858340857163915e-06,True
HGS,smote,f1,0.8369512929982674,0.6954398664016487,-0.1415114265966188,-0.1647677230979583,-0.1182551300952793,1.9073486328125e-06,4.858340857163915e-06,True
HGS,smote,mcc,0.002940307175816638,0.035589256959200226,0.0326489497833836,-0.027283872004968644,0.09258177157173583,0.20244979858398438,0.2907523703067861,False
HGS,smote,accuracy,0.7250000000000001,0.58,-0.145,-0.1722262549958154,-0.11777374500418458,1.9073486328125e-06,4.858340857163915e-06,True
HGS,adasyn,roc_auc,0.5174890350877193,0.518969298245614,0.0014802631578947289,-0.03478807596902839,0.03774860228481784,0.8694877624511719,0.9905556787418414,False
HGS,adasyn,pr_auc,0.7716926520001027,0.7804716947975764,0.008779042797473657,-0.009482735470498684,0.027040821065446,0.38837623596191406,0.5165595256636295,False
HGS,adasyn,balanced_accuracy,0.5026315789473684,0.5037280701754386,0.0010964912280702094,-0.024763432561498062,0.026956415017638482,0.956329345703125,1.0,False
HGS,adasyn,gmean,0.22353967196627686,0.4774820967686145,0.2539424248023376,0.18507884351913959,0.32280600608553556,1.9073486328125e-06,4.858340857163915e-06,True
HGS,adasyn,sensitivity,0.9302631578947367,0.6532894736842106,-0.2769736842105263,-0.30476417742144774,-0.2491831909996049,1.9073486328125e-06,4.858340857163915e-06,True
HGS,adasyn,specificity,0.07499999999999997,0.35416666666666663,0.2791666666666667,0.23667786835742857,0.3216554649759048,1.9073486328125e-06,4.858340857163915e-06,True
HGS,adasyn,f1,0.8369512929982674,0.7029648078443522,-0.13398648515391526,-0.1527358190404853,-0.11523715126734521,1.9073486328125e-06,4.858340857163915e-06,True
HGS,adasyn,mcc,0.002940307175816638,0.006615955766034937,0.003675648590218304,-0.05437992199721941,0.06173121917765601,0.8694877624511719,0.9905556787418414,False
HGS,adasyn,accuracy,0.7250000000000001,0.5815000000000001,-0.14350000000000002,-0.16732909688063785,-0.11967090311936218,1.9073486328125e-06,4.858340857163915e-06,True
HGS,threshold,roc_auc,0.5174890350877193,0.5174890350877193,0.0,0.0,0.0,1.0,1.0,False
HGS,threshold,pr_auc,0.7716926520001027,0.7716926520001027,0.0,0.0,0.0,1.0,1.0,False
HGS,threshold,balanced_accuracy,0.5026315789473684,0.5061951754385966,0.003563596491228094,-0.020557506405778993,0.027684699388235184,0.7561664581298828,0.880021309030467,False
HGS,threshold,gmean,0.22353967196627686,0.40338422020829084,0.179844548242014,0.08022526424337834,0.2794638322406497,0.00365447998046875,0.006407205160562094,True
HGS,threshold,sensitivity,0.9302631578947367,0.4894736842105264,-0.44078947368421045,-0.5782054887368057,-0.30337345863161524,9.5367431640625e-06,2.2587023283305923e-05,True
HGS,threshold,specificity,0.07499999999999997,0.5229166666666666,0.44791666666666663,0.3083136140384216,0.5875197192949116,0.0001813591537103979,0.0003855667047386412,True
HGS,threshold,f1,0.8369512929982674,0.5470541822448977,-0.2898971107533699,-0.40218518086277033,-0.1776090406439694,5.7220458984375e-06,1.4045021750710227e-05,True
HGS,threshold,mcc,0.002940307175816638,0.007329868952461227,0.004389561776644587,-0.05163896925671232,0.060418092810001496,0.5958194732666016,0.7240419556883425,False
HGS,threshold,accuracy,0.7250000000000001,0.49750000000000016,-0.22749999999999998,-0.30135728121588723,-0.15364271878411273,9.5367431640625e-06,2.2587023283305923e-05,True
HHO,smote,roc_auc,0.5270559210526315,0.5325657894736844,0.0055098684210526435,-0.020048344619143406,0.031068081461248696,0.7285060882568359,0.8627045781988847,False
HHO,smote,pr_auc,0.7763774136330027,0.7914155048395791,0.01503809120657637,-0.0046073776022128796,0.03468356001536562,0.11398696899414062,0.17290158218212343,False
HHO,smote,balanced_accuracy,0.5137061403508772,0.5183662280701753,0.004660087719298223,-0.013295106375867557,0.022615281814464,0.7285060882568359,0.8627045781988847,False
HHO,smote,gmean,0.25159885514442304,0.5019676299115755,0.25036877476715236,0.1933826383000934,0.3073549112342113,1.9073486328125e-06,4.858340857163915e-06,True
HHO,smote,sensitivity,0.9440789473684209,0.6263157894736843,-0.31776315789473686,-0.3472810829159141,-0.28824523287355963,1.9073486328125e-06,4.858340857163915e-06,True
HHO,smote,specificity,0.08333333333333329,0.4104166666666667,0.32708333333333345,0.28133943233154096,0.37282723433512593,1.9073486328125e-06,4.858340857163915e-06,True
HHO,smote,f1,0.8451927207697206,0.6895728537476546,-0.15561986702206596,-0.174460173853221,-0.13677956019091092,1.9073486328125e-06,4.858340857163915e-06,True
HHO,smote,mcc,0.04765581974510079,0.032234317757221506,-0.015421501987879272,-0.058647159684606376,0.027804155708847835,0.4304332733154297,0.5534142085484096,False
HHO,smote,accuracy,0.7374999999999999,0.5745000000000001,-0.16300000000000003,-0.1808440839748227,-0.14515591602517736,1.9073486328125e-06,4.858340857163915e-06,True
HHO,adasyn,roc_auc,0.5270559210526315,0.5055646929824561,-0.021491228070175426,-0.04689661305067602,0.003914156910325168,0.15364646911621094,0.22303519710417716,False
HHO,adasyn,pr_auc,0.7763774136330027,0.7774954860882995,0.0011180724552968201,-0.013827505812930274,0.016063650723523913,0.9272785186767578,1.0,False
HHO,adasyn,balanced_accuracy,0.5137061403508772,0.49303728070175434,-0.020668859649122826,-0.044591130244556854,0.0032534109463112013,0.11398696899414062,0.17290158218212343,False
HHO,adasyn,gmean,0.25159885514442304,0.46436244879456473,0.2127635936501417,0.14504727280421606,0.28047991449606735,1.9073486328125e-06,4.858340857163915e-06,True
HHO,adasyn,sensitivity,0.9440789473684209,0.6381578947368421,-0.3059210526315789,-0.32806808764377154,-0.2837740176193863,1.9073486328125e-06,4.858340857163915e-06,True
HHO,adasyn,specificity,0.08333333333333329,0.34791666666666665,0.2645833333333334,0.2115453986038994,0.31762126806276736,1.9073486328125e-06,4.858340857163915e-06,True
HHO,adasyn,f1,0.8451927207697206,0.6912915973058816,-0.15390112346383905,-0.1676438692812714,-0.1401583776464067,1.9073486328125e-06,4.858340857163915e-06,True
HHO,adasyn,mcc,0.04765581974510079,-0.013617634685659848,-0.06127345443076064,-0.12500690202456263,0.002459993163041352,0.09730720520019531,0.15186673643961118,False
HHO,adasyn,accuracy,0.7374999999999999,0.5685,-0.16899999999999998,-0.1851340868360688,-0.15286591316393117,1.9073486328125e-06,4.858340857163915e-06,True
HHO,threshold,roc_auc,0.5270559210526315,0.5270559210526315,0.0,0.0,0.0,1.0,1.0,False
HHO,threshold,pr_auc,0.7763774136330027,0.7763774136330027,0.0,0.0,0.0,1.0,1.0,False
HHO,threshold,balanced_accuracy,0.5137061403508772,0.5080592105263158,-0.005646929824561425,-0.023251637731142027,0.011957778082019178,0.5458755493164062,0.6791999922370031,False
HHO,threshold,gmean,0.25159885514442304,0.4020728193242613,0.15047396417983824,0.06463016820247806,0.2363177601571984,0.00365447998046875,0.006407205160562094,True
HHO,threshold,sensitivity,0.9440789473684209,0.6598684210526315,-0.28421052631578947,-0.4102617846841847,-0.15815926794739418,0.0004545206025297538,0.0008892794397321271,True
HHO,threshold,specificity,0.08333333333333329,0.35625,0.2729166666666667,0.15279433526830513,0.3930389980650283,0.0002613067626953125,0.0005427140455979567,True
HHO,threshold,f1,0.8451927207697206,0.6760634831007062,-0.1691292376690145,-0.25635455327483275,-0.08190392206319623,2.6702880859375e-05,5.9584940760588846e-05,True
HHO,threshold,mcc,0.04765581974510079,0.026145006123645224,-0.02151081362145557,-0.07111605703343138,0.02809442979052023,0.4304332733154297,0.5534142085484096,False
HHO,threshold,accuracy,0.7374999999999999,0.5870000000000001,-0.1505,-0.21909035619055744,-0.08190964380944256,0.0003002223490125596,0.0006049256286073961,True
